order,incl
4295,1
5020,1
3732,1
1851,1
4296,1
803,1
4297,1
2227,1
4294,1
802,1
4220,1
222,1
1274,1
4337,1
4359,1
3167,1
321,1
200,1
3199,1
2167,1
1730,1
1951,2
760,2
4211,2
1814,2
3255,3
1360,3
4106,4
3626,4
560,4
2762,4
1952,4
3345,4
3346,4
740,4
4262,5
3348,5
1994,6
1865,6
1130,7
2462,8
1981,9
2304,9
2303,9
2537,9
2693,9
4387,9
1971,9
1907,9
1539,9
4205,9
3533,10
4010,11
2484,11
4011,12
4725,12
359,12
4670,12
2692,12
4482,12
3515,13
4139,13
2112,14
2688,14
2730,14
2483,14
2480,14
1381,14
2464,14
2671,14
2715,14
4450,15
3528,15
2536,16
1534,17
2535,17
5005,17
3460,18
3757,18
822,18
263,19
4091,19
3270,19
2208,19
697,20
698,20
2830,21
1125,21
722,21
1303,21
2763,21
3164,22
3287,22
1148,23
467,24
221,25
2726,25
563,26
3421,26
4210,26
2695,26
2209,26
3335,27
425,27
1645,27
1543,28
2681,28
3609,29
4281,29
3878,30
1250,31
4159,31
3871,31
3694,31
2993,31
4260,31
1908,31
2680,31
3267,31
3505,31
3333,32
269,32
1009,32
1696,32
2571,32
4386,32
1824,32
943,32
1172,32
3562,32
1932,33
1096,33
4852,33
2481,33
1886,33
3915,33
533,34
2465,34
559,34
504,34
2640,34
3394,34
4195,34
2672,34
4892,34
2210,34
1973,35
1547,35
3513,35
1535,35
634,35
4919,35
2691,35
1891,35
2211,35
4595,36
1094,36
1111,36
3789,36
1894,36
4641,36
2030,36
457,36
4694,36
3797,36
2773,36
1603,36
1205,36
215,36
3827,36
3288,36
447,36
4628,36
2113,36
4857,36
2426,36
1776,36
1541,36
4056,36
972,36
1455,36
3527,36
2649,36
2820,36
3620,36
4692,36
4107,36
4782,36
1289,36
244,36
1304,36
3179,36
1779,36
4046,36
562,36
4975,36
4773,36
627,36
2309,36
2824,37
2529,37
3790,37
1972,37
667,37
1003,37
3514,37
1004,37
4532,37
309,37
4161,37
220,37
4626,37
3427,37
2789,37
2749,37
1680,37
1228,37
4949,37
3466,37
820,37
3697,37
3137,37
1532,37
4747,37
1202,37
690,37
438,37
606,37
3109,37
940,37
466,37
2638,37
5007,37
2222,37
2164,37
2574,37
1858,37
1550,37
3589,37
2010,37
1097,37
3006,37
869,37
2792,37
2482,37
1288,37
2952,37
3158,37
1731,37
552,37
4174,37
928,37
2110,37
3511,37
1462,37
4853,37
1765,37
3135,37
3350,37
3523,37
477,37
4451,37
1536,37
3483,37
2780,37
3846,37
216,37
4194,37
1887,37
416,37
557,37
4083,37
4729,37
2876,37
4316,37
939,37
2662,37
2718,37
4897,37
1484,37
3676,37
4112,37
442,37
4540,37
1711,37
1154,37
3471,37
166,37
4803,37
2972,37
3973,37
5010,37
2611,37
685,37
455,37
4574,37
2705,37
3211,37
4693,37
2466,37
4489,37
3212,37
1223,37
501,37
2018,37
3399,37
3581,37
2435,37
241,37
3500,37
282,37
2682,37
4261,37
4596,37
2069,37
4579,37
1643,37
5006,37
4217,37
746,37
2974,37
3816,37
4593,37
1537,37
4449,37
4162,37
1970,37
2461,37
242,37
904,37
1153,37
1526,37
1481,37
3092,37
577,37
1852,37
152,37
468,37
4553,37
2690,37
561,37
1790,37
4586,37
2664,37
3744,37
4074,37
651,37
103,37
2883,37
3947,37
2264,37
4821,37
141,37
4057,37
4835,37
4278,37
3078,37
2741,37
2739,37
4594,37
821,37
2622,37
765,37
933,37
5024,37
4120,37
3955,37
1597,37
5009,37
2786,37
214,37
3258,37
581,37
3128,37
3506,37
3129,37
2500,37
4079,37
3488,37
4285,37
5030,37
1193,37
1881,37
2865,37
2553,37
395,37
386,37
1788,37
948,37
2995,37
857,37
3281,37
668,37
1305,37
1675,37
270,37
2866,37
1134,37
1816,37
3798,37
3536,37
3590,37
4077,37
3149,37
3702,37
4775,37
3610,37
3417,37
1225,37
1407,37
1658,37
2378,37
1662,37
1960,37
4696,37
2463,37
1912,37
4935,37
121,37
4160,37
283,37
3244,37
4263,37
3023,37
4053,37
4842,37
4414,37
4192,37
1859,37
2023,37
4809,37
462,37
4209,37
3152,37
4684,37
3779,37
2633,37
1693,37
2021,37
1801,37
2223,37
3130,37
4325,37
2310,37
1999,37
2838,37
3210,37
1105,37
3251,37
2042,37
1152,37
3937,37
3334,37
3532,37
3285,37
4311,37
1548,37
2951,37
4868,37
2055,37
2451,37
1545,37
2670,37
1892,37
4855,37
4208,37
2405,37
1260,37
4587,37
3992,37
2393,37
2711,37
1661,37
3841,37
2689,38
1766,38
3000,38
2089,38
3236,38
4811,38
1527,38
2687,38
4163,38
4924,38
1544,38
461,38
2740,38
1020,38
3253,38
1075,38
1081,38
3971,38
1440,38
2005,38
4683,38
2327,38
3067,38
4123,38
1533,38
2608,38
2636,38
3627,38
983,38
2375,38
3696,38
2877,38
456,38
1408,38
3268,38
2267,38
4051,38
4920,38
887,38
4746,38
3487,38
529,38
4250,38
4188,38
864,38
670,38
2114,38
178,38
1145,38
2283,38
2257,38
3036,38
2597,38
2821,38
3250,38
1793,38
3624,38
721,38
3242,38
2298,38
90,38
2376,38
2648,38
4317,38
4442,38
3698,38
4265,38
1358,38
3495,38
431,38
2706,38
2794,38
4409,38
4023,38
2383,38
1400,38
1792,38
2962,38
1862,38
96,38
3354,38
398,38
3499,38
4689,38
579,38
2207,38
2377,38
2694,38
3932,38
1322,38
2381,38
4126,38
4108,38
1922,38
1552,38
4727,38
3592,38
426,38
941,38
3392,38
4649,38
512,38
2345,38
16,38
138,38
2009,38
2199,38
4847,38
1910,38
42,38
4772,38
2386,38
2528,38
1967,38
4941,38
1834,38
3360,38
1390,38
4284,38
4411,38
3260,38
1490,38
865,38
1667,38
2224,38
1214,38
4554,38
2745,38
1062,38
692,38
4654,38
2760,38
4486,38
3855,38
2273,38
4416,38
356,38
549,38
1546,38
417,38
278,38
3439,38
4948,38
4111,38
171,38
1566,38
4795,38
2759,38
4440,38
88,38
376,38
2479,38
2068,38
907,38
2844,38
747,38
593,38
1542,38
479,38
1215,38
585,38
910,38
2704,38
253,38
1596,38
1714,38
3914,38
1685,38
2610,38
4542,38
2138,38
2501,38
193,38
723,38
1918,38
3070,38
4292,38
1856,38
776,38
4196,38
3159,38
1628,38
440,38
1235,38
2127,38
2519,38
4915,38
2266,38
3671,38
2148,38
2856,38
1241,38
4781,38
110,38
4178,38
1237,38
2935,38
1423,38
2278,38
4566,38
4257,38
3248,38
4436,38
4332,38
565,38
1045,38
3256,38
324,38
2502,38
4115,38
947,38
1109,38
4745,38
4444,38
4312,38
444,38
1797,38
250,38
1729,38
4547,38
2011,38
1621,38
3953,38
15,38
1050,38
1528,38
1369,38
3954,38
902,38
4062,38
2489,38
285,38
370,38
3602,38
4887,38
3679,38
4687,38
2416,38
812,38
3261,38
3319,38
2150,38
3693,38
856,38
1557,38
1240,38
4461,38
2285,38
3708,38
3556,38
4212,38
1640,38
4630,38
2868,38
1327,38
4509,38
1740,38
4474,38
3737,38
1319,38
1538,38
170,38
3525,38
3429,38
3767,38
2540,38
2134,38
2731,38
3215,38
4980,38
1356,38
3678,38
4573,38
4613,38
2542,38
1704,38
2717,38
2287,38
3719,38
671,38
2917,38
2939,38
1478,38
182,38
3079,38
4761,38
1503,38
3349,38
2699,38
3674,38
1291,38
3689,38
3809,38
4958,38
823,38
1429,38
1716,38
3254,38
1061,38
584,38
3598,38
1962,38
1950,38
1813,38
630,38
1948,38
717,38
3563,38
3194,38
4128,38
4824,38
1233,38
3595,38
4585,38
658,38
3446,38
1497,38
1456,38
1257,38
4707,38
2961,38
2001,38
120,38
2842,38
3243,38
264,38
4233,38
2804,38
123,38
101,38
1739,38
3416,38
2091,38
1182,38
1591,38
35,38
2548,38
2589,38
2578,38
1414,38
1089,38
125,38
2155,38
2401,38
1805,38
3781,38
1756,38
3623,38
2360,38
1340,38
201,38
3373,38
3828,38
2722,38
3881,38
814,38
759,38
4259,38
2894,38
3477,38
3730,38
255,38
181,38
1026,38
2562,38
2059,38
2325,38
4117,38
1141,38
1087,38
3192,38
4698,38
4947,38
1211,38
2347,38
1479,38
797,38
1565,38
3641,38
3993,38
4682,38
4005,38
893,38
2581,38
2835,38
3948,38
5029,38
4541,38
3508,38
3123,38
3929,38
1674,38
3484,38
2504,38
1391,38
4143,38
782,38
1480,38
3845,38
1718,38
2326,38
3653,38
2321,38
4179,38
757,38
2320,38
3611,38
851,38
3069,38
82,38
177,38
1251,38
2446,38
259,38
3178,38
4634,38
135,38
4996,38
1487,38
1549,38
1133,38
4623,38
119,38
1086,38
1446,38
2545,38
1965,38
2457,38
761,38
1329,38
1584,38
2046,38
2520,38
3976,38
3257,38
946,38
834,38
1468,38
3861,38
2809,38
4304,38
133,38
4712,38
449,38
3441,38
2400,38
847,38
4697,38
4741,38
2565,38
507,38
4804,38
1326,38
1639,38
408,38
3935,38
1949,38
852,38
1108,38
994,38
4356,38
3485,38
3713,38
4805,38
1893,38
4604,38
2241,38
4736,38
366,38
1453,38
1617,38
4740,38
781,38
3435,38
4992,38
4283,38
1659,38
4096,38
164,38
484,38
4308,38
2518,38
4560,38
1161,38
1857,38
3944,38
3180,38
4997,38
815,38
3950,38
1884,38
3118,38
4047,38
4845,38
1947,38
598,38
3963,38
2561,38
11,38
774,38
4478,38
3729,38
3648,38
2949,38
32,38
4784,38
2960,38
4164,38
4293,38
4142,38
4766,38
1176,38
1642,38
932,38
3142,38
3600,38
1613,38
1665,38
2279,38
1818,38
1855,38
3565,38
924,38
306,38
2083,38
817,38
3601,38
4952,38
660,38
1984,38
855,38
513,38
1911,38
986,38
211,38
365,38
4527,38
828,38
1559,38
1092,38
4612,38
3286,38
3883,38
874,38
4771,38
1524,38
4874,38
54,38
541,38
2147,38
3068,38
2420,38
2397,38
4806,38
1467,38
4452,38
2875,38
1741,38
2260,38
1293,38
4828,38
2942,38
3510,38
2936,38
4543,38
3873,38
450,38
33,38
1668,38
1585,38
1785,38
1768,38
4054,38
621,38
2544,38
3189,38
279,38
2228,38
4479,38
81,38
2768,38
1607,38
526,38
339,38
3163,38
4764,38
2843,38
2579,38
1927,38
1777,38
1169,38
1306,38
1385,38
3740,38
1671,38
4860,38
4945,38
3591,38
2194,38
521,38
2124,38
445,38
4954,38
4014,38
4221,38
2168,38
2163,38
881,38
2781,38
435,38
1444,38
4435,38
1140,38
2269,38
4584,38
498,38
2008,38
3073,38
3259,38
2555,38
2641,38
3605,38
167,38
594,38
736,38
3213,38
2074,38
3082,38
2793,38
1498,38
3837,38
24,38
2557,38
3763,38
1670,38
1190,38
2924,38
3351,38
2538,38
2354,38
2229,38
371,38
1311,38
3982,38
4033,38
2812,38
4848,38
4653,38
1956,38
3756,38
3093,38
4522,38
1629,38
4955,38
3165,38
175,38
4472,38
3122,38
2412,38
234,38
3974,38
2863,38
4447,38
4719,38
786,38
1137,38
2772,38
1946,38
3474,38
2973,38
4465,38
1820,38
4844,38
1511,38
494,38
793,38
3051,38
4916,38
4950,38
4499,38
3262,38
1302,38
1114,38
922,38
2067,38
5,38
4709,38
117,38
1737,38
4038,38
3703,38
4930,38
2071,38
1200,38
1678,38
1945,38
1006,38
2572,38
1039,38
2101,38
1953,38
2720,38
4777,38
2,38
4397,38
2333,38
1405,38
4348,38
1209,38
1828,38
4204,38
2543,38
4497,38
4886,38
4690,38
4331,38
1620,38
3146,38
2723,38
2012,38
3840,38
4349,38
4351,38
2539,38
4323,38
4964,38
966,38
1296,38
2414,38
1611,38
558,38
4401,38
762,38
1676,38
3203,38
430,38
3834,38
4324,38
4873,38
813,38
1558,38
1445,38
50,38
4705,38
1957,38
145,38
2494,38
3960,38
2000,38
252,38
2833,38
2701,38
2370,38
1047,38
1706,38
1349,38
3463,38
1465,38
1842,38
3198,38
1582,38
463,38
2709,38
716,38
4998,38
2161,38
58,38
998,38
230,38
2916,38
5001,38
4738,38
1592,38
687,38
423,38
3405,38
1837,38
3865,38
1492,38
483,38
168,38
891,38
499,38
4277,38
2078,38
3085,38
4183,38
3119,38
4633,38
3898,38
2975,38
4467,38
1372,38
3691,38
1181,38
258,38
3820,38
2350,38
3207,38
1351,38
3681,38
1253,38
1782,38
2214,38
4019,38
317,38
1310,38
1839,38
4049,38
755,38
861,38
159,38
2090,38
3934,38
4974,38
912,38
4350,38
4184,38
4984,38
3716,38
3185,38
3540,38
3575,38
1301,38
1001,38
4492,38
4546,38
332,38
3741,38
91,38
1864,38
319,38
1914,38
2607,38
1380,38
734,38
589,38
2643,38
2686,38
540,38
3728,38
4549,38
3299,38
342,38
4526,38
4199,38
1574,38
2957,38
475,38
827,38
872,38
1555,38
381,38
4013,38
4956,38
1577,38
4443,38
4399,38
4114,38
1394,38
1872,38
4314,38
709,38
844,38
3147,38
917,38
1672,38
3879,38
1067,38
1867,38
4739,38
2854,38
353,38
2305,38
1991,38
1217,38
3486,38
4629,38
4636,38
1059,38
2994,38
4101,38
4545,38
1197,38
2912,38
4370,38
2445,38
2111,38
2060,38
1783,38
625,38
2550,38
789,38
743,38
2452,38
635,38
3230,38
3791,38
2116,38
3617,38
158,38
4437,38
2362,38
2496,38
2394,38
1915,38
4752,38
3923,38
2614,38
1660,38
826,38
1753,38
2593,38
4369,38
2141,38
3238,38
3193,38
1853,38
2052,38
4415,38
3522,38
601,38
3968,38
266,38
3754,38
2979,38
4770,38
3408,38
2176,38
323,38
2154,38
1817,38
2587,38
4843,38
688,38
4802,38
1869,38
2492,38
3127,38
1464,38
923,38
884,38
4658,38
4865,38
3818,38
4923,38
3014,38
713,38
217,38
1399,38
3125,38
1375,38
173,38
1798,38
2736,38
480,38
3184,38
686,38
1238,38
2086,38
3075,38
4378,38
1386,38
4012,38
4200,38
4213,38
2017,38
2205,38
4524,38
975,38
3101,38
672,38
3274,38
2634,38
2125,38
693,38
3884,38
1523,38
2220,38
2685,38
1920,38
1442,38
4921,38
616,38
3020,38
991,38
4864,38
3363,38
1032,38
327,38
1008,38
1873,38
273,38
862,38
161,38
1594,38
2499,38
977,38
2268,38
4222,38
3904,38
4299,38
1279,38
3830,38
3209,38
3917,38
4767,38
4156,38
4691,38
2782,38
4826,38
2969,38
2590,38
1807,38
4861,38
2630,38
3235,38
1651,38
1102,38
4888,38
4113,38
2359,38
1554,38
4523,38
393,38
1646,38
2497,38
2708,38
3313,38
3148,38
4576,38
2485,38
3874,38
3880,38
3420,38
4825,38
4076,38
3141,38
1449,38
1064,38
4590,38
586,38
2129,38
2915,38
836,38
3472,38
3227,38
805,38
2627,38
1861,38
3983,38
1821,38
1688,38
4145,38
3504,38
2647,38
4087,38
2081,38
1459,38
2632,38
1883,38
1809,38
1159,38
719,38
277,38
434,38
4856,38
4141,38
2099,38
3117,38
1204,38
1936,38
3497,38
3491,38
3502,38
1063,38
1110,38
2475,38
3815,38
1439,38
1738,38
4131,38
3547,38
3475,38
4716,38
2888,38
3906,38
3548,38
3526,38
4793,38
3661,38
2967,38
3377,38
712,38
1937,38
3139,38
2436,38
2945,38
4424,38
3721,38
1802,38
622,38
2870,38
4287,38
4832,38
1934,38
4646,38
4071,38
903,38
2057,38
3083,38
385,38
1580,38
4797,38
2072,38
2092,38
1898,38
3028,38
3052,38
511,38
2503,38
3072,38
4084,38
4819,38
3282,38
1017,38
3687,38
1656,38
4814,38
3593,38
1899,38
97,38
1071,38
3071,38
2020,38
1644,38
3380,38
683,38
2852,38
100,38
2959,38
890,38
689,38
3108,38
302,38
2558,38
4768,38
2221,38
262,38
1122,38
555,38
1254,38
4800,38
4147,38
4591,38
1744,38
2541,38
2142,38
1359,38
1494,38
232,38
2249,38
2524,38
4423,38
2258,38
4466,38
3191,38
4152,38
3753,38
867,38
2037,38
1771,38
5018,38
2115,38
1247,38
1969,38
2862,38
281,38
4267,38
1083,38
718,38
2761,38
3200,38
3733,38
4175,38
2698,38
1425,38
3298,38
1633,38
3237,38
3100,38
36,38
853,38
3604,38
4589,38
4453,38
1424,38
1551,38
4933,38
3810,38
2831,38
3308,38
6,38
519,38
443,38
485,38
927,38
3615,38
2819,38
2604,38
876,38
2721,38
1563,38
1027,38
3614,38
4506,38
1072,38
2286,38
1699,38
4464,38
1005,38
4519,38
2233,38
4751,38
87,38
1433,38
2143,38
1663,38
1637,38
2667,38
233,38
300,38
4389,38
775,38
2783,38
1270,38
1625,38
2423,38
3705,38
2126,38
165,38
1673,38
1980,38
1397,38
3905,38
3407,38
377,38
3096,38
949,38
2927,38
422,38
2157,38
2766,38
160,38
866,38
2834,38
3428,38
1338,38
4181,38
3279,38
254,38
4036,38
4476,38
2655,38
4539,38
4885,38
538,38
1990,38
140,38
4390,38
3857,38
83,38
637,38
2013,38
4942,38
4572,38
2263,38
4119,38
2396,38
707,38
1581,38
2645,38
1938,38
4007,38
208,38
1860,38
492,38
824,38
3635,38
3355,38
1171,38
4039,38
2839,38
714,38
2774,38
832,38
3606,38
1180,38
2422,38
3004,38
2104,38
1268,38
3464,38
1018,38
4763,38
2511,38
1383,38
1916,38
4688,38
4006,38
4620,38
838,38
1664,38
2874,38
4343,38
702,38
1040,38
3058,38
3662,38
2744,38
2592,38
3410,38
3812,38
4169,38
2623,38
1232,38
3736,38
4457,38
114,38
2937,38
2505,38
899,38
3124,38
2495,38
854,38
116,38
4363,38
4158,38
629,38
77,38
3829,38
2748,38
2270,38
766,38
2799,38
1529,38
936,38
2747,38
2594,38
4583,38
2896,38
4116,38
3301,38
720,38
3222,38
4807,38
1609,38
544,38
2077,38
3943,38
3567,38
3849,38
413,38
59,38
4652,38
962,38
2027,38
3002,38
4722,38
514,38
2177,38
3727,38
3057,38
3362,38
4866,38
17,38
2441,38
251,38
2651,38
4755,38
397,38
1436,38
3177,38
1612,38
4477,38
4944,38
3715,38
3734,38
4384,38
3901,38
1189,38
3175,38
2958,38
4854,38
1590,38
76,38
930,38
4313,38
1068,38
2153,38
2306,38
4089,38
4286,38
4425,38
753,38
532,38
4615,38
2158,38
2033,38
261,38
4432,38
4491,38
695,38
750,38
2200,38
3803,38
1363,38
4726,38
3162,38
3016,38
127,38
4455,38
1982,38
3406,38
2675,38
1055,38
4913,38
1720,38
3651,38
3965,38
2460,38
1598,38
3985,38
4664,38
624,38
4530,38
2522,38
1149,38
3876,38
72,38
663,38
3401,38
2368,38
2256,38
868,38
2858,38
4836,38
569,38
2056,38
2442,38
2980,38
2428,38
2411,38
334,38
2851,38
3501,38
199,38
3612,38
12,38
411,38
3889,38
9,38
809,38
3275,38
3654,38
3156,38
1940,38
4253,38
3787,38
1812,38
1198,38
1588,38
2659,38
3223,38
4632,38
3804,38
4713,38
2380,38
1135,38
2440,38
1206,38
2130,38
4820,38
2398,38
2508,38
4427,38
3507,38
1602,38
3762,38
1608,38
3357,38
1836,38
1875,38
2180,38
2577,38
4408,38
4733,38
66,38
2149,38
3709,38
4176,38
3852,38
2532,38
3916,38
1847,38
1013,38
2007,38
2823,38
4352,38
2487,38
2038,38
3304,38
3996,38
248,38
3039,38
1025,38
3276,38
4645,38
4580,38
122,38
2728,38
4619,38
2291,38
4090,38
4127,38
889,38
2818,38
2389,38
816,38
374,38
2983,38
1575,38
4650,38
1418,38
2041,38
3160,38
2356,38
3409,38
4400,38
995,38
642,38
4151,38
3403,38
2418,38
3249,38
773,38
3430,38
1495,38
699,38
2552,38
1695,38
4922,38
3875,38
4769,38
4651,38
3284,38
299,38
5011,38
564,38
2198,38
4102,38
1928,38
1570,38
4367,38
2729,38
2204,38
3342,38
2755,38
3066,38
2084,38
4197,38
2895,38
2775,38
4858,38
2674,38
879,38
1715,38
3658,38
2213,38
2185,38
1986,38
3927,38
3688,38
3680,38
1942,38
4988,38
3517,38
3892,38
3984,38
4376,38
4380,38
639,38
1803,38
4588,38
1935,38
3440,38
1316,38
527,38
1284,38
1930,38
2379,38
2603,38
3115,38
4201,38
3838,38
929,38
799,38
1955,38
5015,38
3765,38
3569,38
576,38
3183,38
3007,38
2348,38
1692,38
1364,38
3711,38
4206,38
3945,38
2559,38
29,38
3315,38
2512,38
1392,38
2184,38
882,38
3808,38
4371,38
1012,38
1377,38
1583,38
763,38
3318,38
4790,38
1579,38
602,38
1203,38
3252,38
3636,38
2317,38
543,38
3241,38
1210,38
4264,38
3755,38
3055,38
3686,38
247,38
3107,38
1521,38
4672,38
4347,38
4502,38
48,38
3867,38
3153,38
4796,38
2355,38
4418,38
1882,38
2964,38
292,38
1863,38
2872,38
4021,38
4092,38
1283,38
3723,38
2811,38
3113,38
2301,38
128,38
4731,38
3099,38
2413,38
4905,38
293,38
1754,38
146,38
4186,38
2029,38
2253,38
3848,38
1573,38
348,38
1367,38
4840,38
3292,38
1192,38
1248,38
85,38
1815,38
4983,38
1187,38
2133,38
3087,38
2855,38
4462,38
3393,38
4237,38
4456,38
1420,38
4989,38
4134,38
680,38
229,38
1469,38
4869,38
839,38
1266,38
2621,38
4302,38
79,38
1368,38
566,38
3980,38
1345,38
2170,38
2324,38
4765,38
3116,38
1499,38
3991,38
3027,38
950,38
3265,38
4155,38
4993,38
4706,38
185,38
1041,38
1188,38
99,38
154,38
3084,38
3646,38
2364,38
4100,38
268,38
2771,38
3432,38
2752,38
1600,38
1747,38
2669,38
2444,38
3864,38
3291,38
3322,38
4417,38
730,38
790,38
4243,38
886,38
1419,38
4097,38
2085,38
3221,38
3800,38
1758,38
5014,38
3572,38
3448,38
2015,38
2095,38
1054,38
1569,38
3040,38
3060,38
920,38
2857,38
3136,38
2829,38
1804,38
130,38
748,38
390,38
2884,38
4829,38
1943,38
361,38
4708,38
2803,38
3778,38
1686,38
3579,38
3669,38
2514,38
1463,38
1036,38
4193,38
4830,38
4977,38
1265,38
284,38
2498,38
3531,38
4059,38
1070,38
4721,38
4538,38
3338,38
1272,38
4931,38
2391,38
4318,38
1717,38
3034,38
1890,38
1709,38
2456,38
2841,38
3582,38
1259,38
4407,38
2976,38
4483,38
2513,38
3613,38
7,38
3269,38
224,38
2188,38
197,38
587,38
858,38
2790,38
3364,38
2815,38
3161,38
825,38
3888,38
1979,38
4569,38
1307,38
3314,38
4223,38
1722,38
1707,38
3928,38
3174,38
4167,38
428,38
3931,38
4125,38
2860,38
4663,38
2156,38
3444,38
1919,38
3480,38
4912,38
1992,38
1007,38
1941,38
2873,38
706,38
2631,38
3660,38
4282,38
3361,38
297,38
4231,38
1923,38
580,38
4637,38
1626,38
2047,38
4792,38
1080,38
4475,38
212,38
2421,38
4403,38
1150,38
3280,38
1902,38
4307,38
2336,38
4035,38
176,38
1560,38
2846,38
1115,38
274,38
2449,38
1147,38
4104,38
84,38
4022,38
3454,38
4412,38
4656,38
102,38
4578,38
1320,38
355,38
3634,38
4177,38
3535,38
970,38
1178,38
3724,38
345,38
2471,38
4330,38
2338,38
5017,38
1733,38
1073,38
362,38
648,38
1929,38
2719,38
290,38
5026,38
1657,38
1457,38
4485,38
3769,38
2784,38
2166,38
1044,38
992,38
4536,38
4673,38
1477,38
2850,38
2928,38
219,38
4562,38
4631,38
3519,38
2181,38
3339,38
1185,38
578,38
3847,38
4360,38
572,38
2836,38
1447,38
1373,38
1112,38
588,38
4849,38
1048,38
1019,38
859,38
245,38
3836,38
4878,38
1516,38
2192,38
666,38
1895,38
388,38
4446,38
2032,38
2226,38
694,38
2901,38
1924,38
2822,38
2613,38
4918,38
1325,38
2308,38
3541,38
2490,38
3758,38
172,38
4341,38
1156,38
271,38
454,38
2316,38
4342,38
3783,38
3097,38
870,38
2335,38
3196,38
1342,38
118,38
800,38
4148,38
2280,38
3323,38
1903,38
4080,38
1219,38
4859,38
3608,38
3398,38
1649,38
905,38
3596,38
0,38
489,38
472,38
997,38
156,38
1244,38
174,38
2080,38
26,38
5027,38
4187,38
2297,38
2968,38
4928,38
2825,38
391,38
1129,38
2816,38
2791,38
808,38
3419,38
4961,38
2409,38
3824,38
10,38
1750,38
3909,38
3492,38
1827,38
2433,38
1139,38
2757,38
3088,38
4227,38
4480,38
1273,38
3012,38
1845,38
372,38
1098,38
3106,38
1504,38
3802,38
2004,38
810,38
2673,38
3768,38
2425,38
3534,38
1344,38
875,38
4251,38
937,38
3050,38
3573,38
3397,38
228,38
4272,38
1525,38
2612,38
993,38
481,38
916,38
329,38
3896,38
4850,38
4129,38
4786,38
1491,38
3619,38
4240,38
2323,38
3616,38
3833,38
2807,38
2062,38
3234,38
3844,38
1231,38
3735,38
546,38
3033,38
3972,38
2175,38
4973,38
4138,38
3017,38
4015,38
25,38
3042,38
313,38
2372,38
108,38
1174,38
925,38
2048,38
4960,38
2173,38
3870,38
1416,38
2131,38
364,38
1826,38
4659,38
4528,38
1177,38
931,38
3633,38
3376,38
4754,38
681,38
877,38
2997,38
1723,38
1483,38
150,38
1023,38
1879,38
3860,38
2948,38
2424,38
4255,38
189,38
3065,38
1002,38
3814,38
4040,38
4353,38
2918,38
1035,38
3516,38
3538,38
4232,38
2341,38
3668,38
4034,38
1049,38
1412,38
961,38
3667,38
4382,38
4228,38
3692,38
3969,38
1466,38
846,38
37,38
3695,38
2314,38
3208,38
1393,38
2097,38
2796,38
2787,38
1772,38
684,38
1888,38
2778,38
95,38
3005,38
4581,38
3094,38
2586,38
1365,38
2859,38
249,38
2307,38
1694,38
139,38
4914,38
2044,38
2259,38
2061,38
1985,38
4617,38
1933,38
4413,38
80,38
678,38
1,38
3414,38
768,38
3273,38
2886,38
1770,38
4241,38
2183,38
1441,38
4871,38
4701,38
3437,38
4662,38
3176,38
988,38
3431,38
3473,38
2828,38
3890,38
1832,38
203,38
655,38
1158,38
3940,38
4105,38
2146,38
2654,38
4385,38
3603,38
708,38
1650,38
860,38
2534,38
2750,38
4463,38
260,38
2019,38
347,38
4972,38
2598,38
715,38
1128,38
1286,38
198,38
1493,38
1749,38
3665,38
4009,38
2251,38
963,38
2281,38
4504,38
2169,38
4288,38
4899,38
410,38
307,38
4896,38
4640,38
473,38
3649,38
427,38
787,38
2417,38
871,38
389,38
3418,38
1567,38
2063,38
2434,38
1784,38
4501,38
1489,38
179,38
4813,38
3850,38
69,38
1631,38
4565,38
3799,38
3482,38
1562,38
132,38
4677,38
1513,38
2117,38
550,38
3264,38
536,38
4535,38
419,38
352,38
2225,38
2468,38
2616,38
4638,38
2410,38
4357,38
659,38
2486,38
4550,38
396,38
67,38
2981,38
978,38
2678,38
2455,38
1589,38
2861,38
1623,38
908,38
1060,38
358,38
2986,38
3049,38
1331,38
3458,38
3788,38
4734,38
1719,38
2459,38
3854,38
1312,38
1683,38
3388,38
2887,38
505,38
4537,38
3047,38
2473,38
143,38
2908,38
3780,38
4981,38
3064,38
2813,38
644,38
3794,38
2390,38
2531,38
1610,38
3490,38
4943,38
1226,38
3907,38
732,38
4951,38
4514,38
840,38
3320,38
1568,38
764,38
3566,38
280,38
4762,38
3685,38
357,38
2254,38
1052,38
4728,38
1366,38
4525,38
4657,38
3961,38
2985,38
2570,38
592,38
2971,38
147,38
2178,38
4723,38
3958,38
3862,38
728,38
522,38
3195,38
1655,38
1183,38
518,38
2217,38
3817,38
1212,38
3825,38
1267,38
4570,38
4876,38
3964,38
3599,38
1877,38
3240,38
3970,38
4216,38
3962,38
2050,38
2626,38
3187,38
3103,38
1939,38
490,38
2357,38
2374,38
3760,38
1221,38
4789,38
1759,38
1101,38
3564,38
3545,38
1725,38
1330,38
3822,38
1104,38
3805,38
2568,38
2064,38
2132,38
2702,38
2609,38
4639,38
3652,38
3402,38
1653,38
2922,38
1458,38
3777,38
4459,38
4603,38
2629,38
4271,38
4563,38
3278,38
2925,38
184,38
2109,38
305,38
819,38
2328,38
5023,38
3752,38
710,38
4266,38
3326,38
2988,38
3385,38
1278,38
531,38
2808,38
4041,38
3059,38
2871,38
2276,38
409,38
223,38
238,38
1796,38
2953,38
3910,38
4982,38
4893,38
1506,38
2388,38
892,38
4315,38
112,38
134,38
3009,38
2867,38
4180,38
724,38
4072,38
1624,38
3978,38
1336,38
3266,38
3749,38
4744,38
1078,38
20,38
31,38
157,38
1963,38
3920,38
3530,38
3770,38
3341,38
1835,38
2302,38
1616,38
2292,38
4379,38
169,38
888,38
1889,38
1808,38
1362,38
1806,38
4275,38
4743,38
691,38
429,38
4484,38
508,38
93,38
4879,38
14,38
2415,38
2206,38
225,38
612,38
4548,38
1775,38
2058,38
4674,38
3771,38
1700,38
3622,38
2906,38
407,38
3542,38
640,38
1954,38
3553,38
1983,38
1388,38
3202,38
2573,38
4065,38
2454,38
1131,38
3977,38
883,38
3738,38
1874,38
404,38
2956,38
1249,38
4902,38
3245,38
711,38
2703,38
4426,38
4498,38
3467,38
1384,38
1825,38
4724,38
1705,38
696,38
4759,38
4660,38
3297,38
4242,38
4971,38
73,38
4025,38
3347,38
1593,38
421,38
1998,38
2663,38
596,38
1522,38
2847,38
5000,38
256,38
4052,38
2255,38
2992,38
4354,38
4900,38
2909,38
4238,38
2073,38
4448,38
4516,38
3766,38
2344,38
3433,38
3893,38
2313,38
4730,38
3981,38
1079,38
661,38
2366,38
3701,38
4150,38
3229,38
1186,38
400,38
1298,38
3772,38
2365,38
2785,38
1482,38
2788,38
3858,38
1168,38
3048,38
1056,38
4799,38
848,38
2330,38
3395,38
1030,38
2727,38
3625,38
1113,38
3411,38
124,38
1352,38
1371,38
4564,38
4666,38
486,38
3170,38
94,38
2070,38
1313,38
1370,38
909,38
4154,38
3232,38
4756,38
1229,38
1904,38
4340,38
833,38
439,38
792,38
2963,38
3478,38
3247,38
2151,38
650,38
1925,38
704,38
3219,38
432,38
4556,38
2943,38
2602,38
3216,38
2179,38
373,38
3739,38
478,38
3133,38
2395,38
3091,38
267,38
896,38
1339,38
2891,38
2933,38
4601,38
535,38
2277,38
1727,38
604,38
547,38
2954,38
2031,38
1389,38
3095,38
1619,38
1966,38
2869,38
326,38
1652,38
2751,38
115,38
2098,38
4735,38
4643,38
4373,38
3557,38
842,38
218,38
938,38
5019,38
1107,38
3966,38
2882,38
2363,38
4552,38
4375,38
4517,38
2051,38
2318,38
344,38
3294,38
1701,38
921,38
4823,38
2506,38
837,38
4487,38
1427,38
399,38
51,38
2152,38
4494,38
554,38
406,38
8,38
3496,38
3233,38
464,38
1051,38
3186,38
4124,38
1556,38
4794,38
1654,38
4026,38
1318,38
739,38
2172,38
4428,38
4144,38
3672,38
2187,38
981,38
4815,38
895,38
570,38
3899,38
4534,38
1823,38
4422,38
971,38
959,38
4963,38
2802,38
2367,38
1124,38
898,38
433,38
5025,38
4715,38
2566,38
4985,38
2476,38
4901,38
1635,38
4364,38
2890,38
314,38
3445,38
2769,38
4968,38
288,38
3422,38
192,38
2121,38
1698,38
1448,38
2093,38
675,38
4787,38
608,38
3404,38
2635,38
1846,38
2576,38
1323,38
2904,38
2024,38
470,38
3774,38
2946,38
982,38
202,38
914,38
770,38
113,38
1346,38
4249,38
626,38
2982,38
3894,38
3010,38
4280,38
1995,38
3664,38
368,38
1024,38
649,38
4098,38
4567,38
2840,38
2140,38
1138,38
106,38
4185,38
771,38
2448,38
3453,38
613,38
3759,38
956,38
2406,38
1618,38
4078,38
4276,38
4273,38
4434,38
967,38
2526,38
2237,38
1712,38
2848,38
605,38
3372,38
575,38
2563,38
3979,38
4327,38
913,38
2272,38
1395,38
2382,38
1119,38
4366,38
4513,38
2186,38
645,38
4405,38
3400,38
807,38
4146,38
4103,38
239,38
3489,38
275,38
1599,38
4846,38
1230,38
4305,38
392,38
4338,38
4557,38
3476,38
4190,38
664,38
2758,38
2639,38
4714,38
4075,38
3310,38
3776,38
49,38
4575,38
1234,38
2358,38
2284,38
4070,38
4884,38
2036,38
1243,38
369,38
4608,38
1520,38
4289,38
3912,38
56,38
2827,38
4834,38
71,38
3998,38
1795,38
64,38
3726,38
3866,38
1810,38
1164,38
2252,38
567,38
818,38
841,38
4648,38
4172,38
126,38
3995,38
2447,38
641,38
3988,38
1404,38
298,38
2332,38
246,38
3675,38
1762,38
3549,38
1410,38
2567,38
137,38
351,38
1029,38
2234,38
4245,38
4831,38
3897,38
3792,38
2805,38
78,38
2353,38
4044,38
1057,38
2767,38
1778,38
3584,38
183,38
700,38
4907,38
2878,38
497,38
742,38
1507,38
2806,38
4291,38
3332,38
343,38
952,38
3169,38
3032,38
4936,38
354,38
1885,38
1726,38
1387,38
2892,38
2022,38
3272,38
1347,38
2250,38
2371,38
509,38
3024,38
13,38
3656,38
885,38
3561,38
387,38
2618,38
4622,38
4904,38
1632,38
3391,38
974,38
1636,38
568,38
758,38
1769,38
1402,38
1434,38
1014,38
2245,38
1261,38
2361,38
4173,38
47,38
2666,38
1379,38
3621,38
1195,38
2817,38
638,38
4957,38
476,38
3936,38
3856,38
2118,38
3450,38
1262,38
3206,38
3456,38
3356,38
43,38
2346,38
136,38
517,38
4235,38
2900,38
1438,38
2853,38
1944,38
286,38
2991,38
3423,38
1732,38
3643,38
1742,38
367,38
315,38
1299,38
487,38
3143,38
5003,38
3081,38
488,38
4303,38
1450,38
4230,38
2331,38
3425,38
4808,38
2239,38
2407,38
4551,38
906,38
4170,38
4611,38
4571,38
4028,38
3539,38
1682,38
595,38
1043,38
2262,38
4667,38
2625,38
3309,38
3819,38
341,38
3336,38
897,38
3324,38
705,38
831,38
2999,38
2919,38
3053,38
1084,38
2700,38
4328,38
4889,38
510,38
1308,38
3813,38
2990,38
1076,38
791,38
2351,38
1239,38
3712,38
2159,38
5013,38
2340,38
2889,38
330,38
4239,38
2075,38
346,38
4118,38
3104,38
1531,38
1058,38
3462,38
2045,38
2987,38
2756,38
4441,38
1010,38
2734,38
845,38
41,38
3343,38
1165,38
2849,38
349,38
980,38
3218,38
4894,38
3182,38
619,38
1015,38
1561,38
1615,38
1512,38
954,38
1605,38
3231,38
3080,38
2583,38
3452,38
3554,38
4910,38
1848,38
2646,38
3443,38
2474,38
652,38
2940,38
2619,38
4999,38
2215,38
783,38
3054,38
1016,38
3831,38
2547,38
2319,38
2507,38
2430,38
4785,38
2595,38
4406,38
4244,38
4344,38
2984,38
4934,38
4219,38
2136,38
2427,38
2343,38
19,38
3305,38
3997,38
4361,38
2898,38
1900,38
4372,38
1066,38
4779,38
4381,38
2014,38
458,38
4225,38
2677,38
4599,38
45,38
303,38
4518,38
599,38
2493,38
1734,38
873,38
3951,38
3026,38
2246,38
1571,38
3811,38
3670,38
1421,38
3412,38
2710,38
4063,38
2100,38
89,38
4607,38
1452,38
3089,38
3580,38
436,38
4529,38
3295,38
4099,38
796,38
1220,38
4906,38
2965,38
3302,38
3659,38
3952,38
3725,38
2881,38
4625,38
3037,38
4703,38
4872,38
1871,38
4319,38
418,38
1604,38
4368,38
4976,38
737,38
620,38
4003,38
3578,38
4838,38
62,38
40,38
3436,38
733,38
3015,38
2443,38
4290,38
4149,38
1666,38
3076,38
60,38
968,38
2657,38
4153,38
2387,38
196,38
3597,38
2658,38
3587,38
2403,38
2911,38
1897,38
1751,38
4017,38
1472,38
3468,38
973,38
4841,38
1964,38
4094,38
2219,38
2311,38
2450,38
3155,38
2554,38
1300,38
756,38
769,38
4306,38
1831,38
1576,38
989,38
4469,38
516,38
3657,38
2742,38
4970,38
1794,38
3063,38
2248,38
955,38
2564,38
1143,38
3922,38
2725,38
2624,38
945,38
471,38
665,38
3731,38
3358,38
3340,38
2798,38
3785,38
4925,38
3413,38
1120,38
1977,38
3035,38
2145,38
75,38
3639,38
3551,38
3166,38
3747,38
2437,38
2549,38
3707,38
1417,38
830,38
3366,38
414,38
4355,38
2439,38
3367,38
551,38
3655,38
2596,38
4060,38
4166,38
1118,38
213,38
4346,38
2026,38
4600,38
3628,38
2509,38
2931,38
942,38
2144,38
653,38
405,38
301,38
3946,38
1179,38
3863,38
915,38
1638,38
3307,38
2043,38
953,38
2826,38
4471,38
2399,38
623,38
2122,38
3986,38
1053,38
4669,38
2096,38
1606,38
1106,38
1630,38
459,38
1146,38
4088,38
1142,38
3959,38
2530,38
3396,38
3942,38
2028,38
4431,38
4774,38
662,38
3832,38
2342,38
3056,38
1728,38
2903,38
794,38
520,38
207,38
987,38
1191,38
4616,38
2438,38
1931,38
4531,38
990,38
4801,38
5004,38
4085,38
4393,38
4750,38
2218,38
3126,38
1755,38
1409,38
3718,38
2082,38
22,38
2615,38
3826,38
2676,38
21,38
4433,38
3144,38
738,38
3214,38
2588,38
1822,38
2930,38
4429,38
4061,38
3918,38
4470,38
1976,38
1488,38
4362,38
1553,38
4226,38
2282,38
3887,38
3796,38
474,38
2617,38
350,38
4122,38
4880,38
3044,38
4582,38
4702,38
984,38
2006,38
1411,38
4676,38
2970,38
4279,38
4882,38
304,38
1517,38
3908,38
2352,38
1297,38
3062,38
1031,38
1475,38
3913,38
3138,38
68,38
2182,38
2189,38
2521,38
4783,38
231,38
1648,38
4749,38
4870,38
1396,38
729,38
2732,38
4419,38
441,38
44,38
4392,38
1713,38
4758,38
3882,38
2560,38
682,38
863,38
3666,38
1443,38
1735,38
383,38
4875,38
1350,38
2337,38
2580,38
525,38
1042,38
2312,38
4137,38
3933,38
849,38
4189,38
4093,38
1155,38
4404,38
1163,38
4458,38
900,38
829,38
597,38
795,38
4421,38
726,38
1614,38
337,38
2247,38
3939,38
656,38
4685,38
4438,38
3745,38
1540,38
3853,38
1132,38
2517,38
4929,38
4069,38
1519,38
338,38
4300,38
4810,38
1736,38
3546,38
4445,38
3171,38
3424,38
2950,38
4202,38
2402,38
1121,38
3132,38
2202,38
1437,38
3851,38
4798,38
3795,38
926,38
104,38
1255,38
1216,38
2458,38
4515,38
2650,38
1870,38
403,38
1896,38
4671,38
4891,38
2373,38
240,38
4780,38
4937,38
3543,38
437,38
4508,38
1277,38
778,38
3921,38
600,38
2716,38
195,38
1761,38
1473,38
1791,38
4439,38
2601,38
1033,38
451,38
1710,38
2910,38
3512,38
227,38
4610,38
3449,38
2510,38
1684,38
460,38
2777,38
3111,38
4,38
4067,38
1100,38
1269,38
2066,38
4946,38
3389,38
1264,38
3121,38
3197,38
1838,38
3,38
155,38
380,38
2049,38
1123,38
1767,38
111,38
452,38
2832,38
2243,38
5012,38
3868,38
4132,38
934,38
935,38
1906,38
412,38
1242,38
2929,38
1328,38
2644,38
3271,38
4247,38
2265,38
3365,38
4867,38
1037,38
1431,38
4511,38
1021,38
515,38
3775,38
3381,38
3638,38
4130,38
2955,38
524,38
3872,38
4068,38
318,38
4668,38
964,38
1844,38
1502,38
3226,38
4031,38
3011,38
4043,38
2322,38
3008,38
3509,38
657,38
2040,38
2795,38
107,38
4609,38
996,38
1959,38
3700,38
1099,38
2941,38
500,38
1681,38
798,38
4911,38
4430,38
749,38
3748,38
3201,38
4720,38
583,38
777,38
1337,38
965,38
1127,38
194,38
2661,38
2707,38
553,38
4558,38
469,38
237,38
1496,38
4597,38
4969,38
38,38
754,38
3038,38
4224,38
3337,38
2275,38
2637,38
4495,38
4496,38
843,38
1276,38
1909,38
1811,38
1348,38
788,38
4822,38
3289,38
2385,38
1103,38
3228,38
2551,38
2934,38
2467,38
3306,38
1752,38
2216,38
4627,38
4258,38
1833,38
1961,38
2197,38
2905,38
3550,38
618,38
1167,38
3699,38
4388,38
3493,38
4818,38
4326,38
3835,38
1787,38
3637,38
1578,38
1275,38
328,38
1917,38
4020,38
4827,38
4990,38
3043,38
4927,38
534,38
4042,38
2470,38
4000,38
3823,38
2879,38
1989,38
4837,38
4236,38
2102,38
2329,38
1258,38
1028,38
1901,38
4559,38
4686,38
1800,38
4881,38
1201,38
3217,38
1292,38
4679,38
1294,38
1760,38
1309,38
4732,38
4493,38
3181,38
2754,38
3585,38
1514,38
4791,38
3859,38
4004,38
2837,38
3479,38
2240,38
1295,38
4321,38
3426,38
496,38
3520,38
3911,38
4082,38
784,38
257,38
2575,38
1353,38
2195,38
2087,38
3061,38
5022,38
3558,38
4191,38
703,38
4402,38
611,38
3990,38
4839,38
1774,38
3150,38
2271,38
1126,38
1840,38
2212,38
4967,38
4339,38
2605,38
3764,38
2478,38
4665,38
3041,38
2864,38
669,38
4157,38
1691,38
1422,38
186,38
2488,38
3369,38
3902,38
1996,38
3706,38
3746,38
571,38
1500,38
1281,38
811,38
4377,38
3112,38
142,38
741,38
3415,38
609,38
3105,38
2738,38
2599,38
384,38
1829,38
3451,38
2274,38
191,38
1290,38
1184,38
2295,38
1236,38
767,38
3283,38
1647,38
1245,38
725,38
3317,38
2088,38
2191,38
1773,38
1988,38
4568,38
4198,38
4742,38
4962,38
1415,38
4655,38
1222,38
3684,38
465,38
3843,38
144,38
1332,38
4252,38
2123,38
4140,38
646,38
4050,38
4110,38
1677,38
607,38
210,38
911,38
4203,38
70,38
1743,38
3761,38
402,38
1271,38
2094,38
2230,38
1501,38
4045,38
3594,38
3570,38
801,38
1454,38
209,38
131,38
336,38
4207,38
1334,38
3290,38
1510,38
3786,38
1724,38
3885,38
3086,38
3359,38
3205,38
2733,38
1085,38
647,38
4024,38
2743,38
556,38
3353,38
109,38
3941,38
2546,38
3743,38
2753,38
674,38
3331,38
446,38
4678,38
1978,38
2034,38
4095,38
363,38
752,38
3704,38
4851,38
2582,38
3690,38
1880,38
1968,38
2776,38
4374,38
308,38
375,38
4812,38
1224,38
28,38
2334,38
1227,38
591,38
1470,38
1866,38
4229,38
2926,38
4398,38
2656,38
2921,38
3642,38
1721,38
3583,38
3447,38
633,38
2300,38
1708,38
4109,38
1641,38
4121,38
1471,38
205,38
1022,38
643,38
677,38
3559,38
1789,38
3839,38
2419,38
2139,38
2907,38
2606,38
129,38
1256,38
4171,38
2106,38
3957,38
3375,38
382,38
163,38
502,38
4776,38
545,38
2035,38
2016,38
2556,38
3742,38
3793,38
1357,38
4680,38
3025,38
4710,38
3239,38
1764,38
1403,38
4938,38
1703,38
1485,38
1317,38
3001,38
1088,38
3891,38
3312,38
4002,38
4555,38
2076,38
3151,38
1398,38
2947,38
3518,38
1921,38
3710,38
294,38
4788,38
999,38
1335,38
3677,38
3120,38
1091,38
2679,38
1282,38
537,38
180,38
4561,38
1868,38
4030,38
1669,38
3975,38
482,38
3784,38
918,38
506,38
636,38
901,38
1993,38
3188,38
1166,38
2315,38
3311,38
2469,38
617,38
272,38
3030,38
3459,38
4817,38
3224,38
86,38
1199,38
291,38
226,38
745,38
3387,38
1252,38
3263,38
3131,38
3098,38
4309,38
4778,38
3277,38
453,38
3544,38
3938,38
1854,38
615,38
4510,38
316,38
1074,38
2913,38
530,38
1315,38
2162,38
894,38
204,38
3172,38
4410,38
2591,38
4605,38
4704,38
2653,38
4270,38
4618,38
2203,38
3220,38
4329,38
3481,38
2201,38
2429,38
3900,38
3368,38
333,38
3521,38
1876,38
310,38
3930,38
4383,38
2712,38
3157,38
1082,38
3571,38
1263,38
4018,38
1460,38
1476,38
2288,38
3717,38
2135,38
2944,38
2238,38
325,38
4863,38
1974,38
2880,38
4256,38
3316,38
4699,38
4473,38
65,38
2294,38
2668,38
4521,38
3021,38
1746,38
3370,38
3555,38
4503,38
2989,38
503,38
2108,38
2665,38
187,38
1702,38
4994,38
2923,38
3989,38
780,38
4066,38
3750,38
340,38
654,38
590,38
3645,38
951,38
3577,38
2120,38
4675,38
188,38
4661,38
2516,38
3926,38
3442,38
2039,38
673,38
1763,38
5016,38
3588,38
727,38
2893,38
235,38
415,38
2190,38
3378,38
2002,38
4700,38
4358,38
4086,38
4274,38
4027,38
614,38
1913,38
4966,38
4335,38
1246,38
676,38
582,38
2105,38
1333,38
3842,38
701,38
379,38
18,38
2642,38
3045,38
2533,38
4737,38
4322,38
1780,38
1341,38
2810,38
1034,38
3327,38
3114,38
1175,38
3154,38
1508,38
3438,38
528,38
2770,38
1069,38
3300,38
34,38
804,38
2652,38
4932,38
4336,38
4500,38
2737,38
2299,38
1136,38
5008,38
4926,38
206,38
3949,38
1170,38
4695,38
2938,38
289,38
4234,38
2193,38
4029,38
1093,38
4133,38
4995,38
603,38
1426,38
1160,38
1213,38
1314,38
4165,38
4940,38
3552,38
1878,38
4614,38
27,38
958,38
2119,38
1997,38
1038,38
360,38
3994,38
2235,38
335,38
3683,38
4978,38
448,38
806,38
4058,38
2800,38
3173,38
1194,38
2293,38
4168,38
3886,38
2978,38
4711,38
4833,38
3031,38
1572,38
4394,38
2996,38
265,38
4991,38
3524,38
2525,38
53,38
1413,38
2914,38
3013,38
2242,38
3469,38
3293,38
4081,38
4481,38
735,38
3673,38
4001,38
1090,38
2764,38
5002,38
1430,38
3647,38
331,38
2600,38
2025,38
4953,38
4391,38
3325,38
3190,38
2966,38
631,38
4037,38
3895,38
1595,38
3586,38
1355,38
1435,38
4544,38
679,38
1926,38
4979,38
3457,38
1958,38
3903,38
3801,38
3537,38
2724,38
1011,38
276,38
2477,38
1428,38
4136,38
2515,38
2054,38
52,38
1324,38
378,38
2932,38
3321,38
1000,38
74,38
1406,38
1382,38
61,38
1196,38
1285,38
151,38
3498,38
39,38
1287,38
57,38
491,38
3644,38
1361,38
1679,38
1587,38
574,38
2128,38
3110,38
4917,38
3328,38
1697,38
2899,38
4298,38
3663,38
4345,38
2103,38
3650,38
2584,38
3869,38
1116,38
4008,38
1786,38
4505,38
4048,38
751,38
3390,38
539,38
1987,38
2977,38
4908,38
3967,38
2349,38
2065,38
2920,38
1077,38
632,38
2079,38
2527,38
5021,38
3631,38
4883,38
3134,38
1486,38
149,38
1374,38
3607,38
1280,38
3140,38
1781,38
1627,38
3629,38
148,38
3529,38
2432,38
3029,38
1046,38
3204,38
4753,38
2453,38
4862,38
2174,38
573,38
2885,38
4635,38
779,38
2196,38
4898,38
2236,38
979,38
1622,38
3455,38
3102,38
4468,38
1905,38
2137,38
4877,38
1509,38
3383,38
1474,38
2897,38
4334,38
3751,38
2107,38
1819,38
1144,38
105,38
2369,38
2392,38
744,38
4215,38
2231,38
1378,38
4310,38
2902,38
1975,38
4717,38
1586,38
2620,38
3574,38
944,38
4254,38
3494,38
1117,38
2713,38
2244,38
4395,38
3046,38
4592,38
835,38
919,38
4320,38
4135,38
3379,38
4965,38
1518,38
1530,38
4218,38
2735,38
3956,38
2290,38
3246,38
401,38
2491,38
4602,38
4016,38
4959,38
4248,38
1799,38
4333,38
1690,38
3344,38
394,38
4073,38
3919,38
2261,38
4816,38
3434,38
1634,38
2683,38
3560,38
1401,38
3924,38
1564,38
4647,38
3807,38
312,38
1162,38
2779,38
3773,38
3925,38
878,38
3618,38
30,38
4890,38
4642,38
63,38
3720,38
1757,38
3682,38
2053,38
2408,38
3090,38
1461,38
4681,38
4055,38
523,38
772,38
785,38
4909,38
3303,38
1095,38
3374,38
3296,38
957,38
2296,38
2797,38
542,38
4757,38
1432,38
2684,38
2171,38
4460,38
1343,38
3465,38
46,38
3019,38
969,38
3987,38
1218,38
4490,38
3568,38
2339,38
3022,38
2232,38
92,38
236,38
880,38
985,38
4520,38
1451,38
4420,38
3999,38
4598,38
4268,38
1505,38
3384,38
1151,38
4269,38
3821,38
731,38
190,38
3077,38
548,38
1850,38
1376,38
1687,38
55,38
287,38
4032,38
4396,38
2585,38
162,38
2660,38
2714,38
4454,38
3352,38
4748,38
4903,38
2289,38
4624,38
3225,38
4507,38
320,38
1515,38
4365,38
1321,38
3145,38
1849,38
322,38
1689,38
4577,38
2165,38
1157,38
1843,38
1354,38
3329,38
420,38
424,38
3003,38
495,38
4488,38
4939,38
960,38
2845,38
3877,38
3630,38
2801,38
4718,38
3806,38
2628,38
850,38
296,38
3330,38
4214,38
1841,38
2160,38
2765,38
1173,38
3640,38
2696,38
4760,38
2569,38
153,38
1065,38
4606,38
2697,38
23,38
4246,38
4301,38
3461,38
1748,38
3386,38
4621,38
3018,38
2746,38
3168,38
4182,38
493,38
311,38
4512,38
4644,38
3632,38
4895,38
1601,38
628,38
3714,38
3722,38
3503,38
1830,38
4064,38
4987,38
3382,38
243,38
2998,38
1745,38
4533,38
3782,38
2003,38
2523,38
2384,38
2404,38
3576,38
610,38
2431,38
976,38
295,38
2814,38
4986,38
3470,38
2472,38
3074,38
5028,38
1208,38
3371,38
1207,38
98,38
